{"Questions":[{"Question":"This is a sample multiple choice question with an image.","Explanation":"EXPLANATION\n\nLorem ipsum dolor sit amet, consectetur adipiscing elit. Vivamus ornare ac elit eget ultricies. Mauris in nibh tortor. Aliquam vel quam at orci maximus molestie nec sed lacus. Nullam interdum faucibus risus, id porttitor erat sagittis id. Suspendisse luctus ipsum nibh. In ut nibh lobortis, varius ipsum vel, molestie odio. Suspendisse volutpat velit nulla, ut sollicitudin felis commodo id.","Image":"Test A","isToF":false,"ToFAnswer":false,"Answers":[{"Text":"Correct Answer","Correct":"true"},{"Text":"Correct Answer","Correct":"true"},{"Text":"Wrong Answer","Correct":"false"},{"Text":"Wrong Answer","Correct":"false"}]},{"Question":"This is a sample multiple choice question without an image.","Explanation":"EXPLANATION\n\nLorem ipsum dolor sit amet, consectetur adipiscing elit. Vivamus ornare ac elit eget ultricies. Mauris in nibh tortor. Aliquam vel quam at orci maximus molestie nec sed lacus. Nullam interdum faucibus risus, id porttitor erat sagittis id. Suspendisse luctus ipsum nibh. In ut nibh lobortis, varius ipsum vel, molestie odio. Suspendisse volutpat velit nulla, ut sollicitudin felis commodo id.","Image":"","isToF":false,"ToFAnswer":false,"Answers":[{"Correct":"true","Text":"Correct Answer"},{"Correct":"false","Text":"Wrong Answer"},{"Correct":"false","Text":"Wrong Answer"}]},{"Question":"This is a sample TRUE or false question without an image.","Explanation":"EXPLANATION\n\nLorem ipsum dolor sit amet, consectetur adipiscing elit. Vivamus ornare ac elit eget ultricies. Mauris in nibh tortor. Aliquam vel quam at orci maximus molestie nec sed lacus. Nullam interdum faucibus risus, id porttitor erat sagittis id. Suspendisse luctus ipsum nibh. In ut nibh lobortis, varius ipsum vel, molestie odio. Suspendisse volutpat velit nulla, ut sollicitudin felis commodo id.","Image":"","isToF":true,"ToFAnswer":true,"Answers":[]},{"Question":"This is a sample true or FALSE question with an image.","Explanation":"EXPLANATION\n\nLorem ipsum dolor sit amet, consectetur adipiscing elit. Vivamus ornare ac elit eget ultricies. Mauris in nibh tortor. Aliquam vel quam at orci maximus molestie nec sed lacus. Nullam interdum faucibus risus, id porttitor erat sagittis id. Suspendisse luctus ipsum nibh. In ut nibh lobortis, varius ipsum vel, molestie odio. Suspendisse volutpat velit nulla, ut sollicitudin felis commodo id.","Image":"Test B","isToF":true,"ToFAnswer":false,"Answers":[]}]}